datetime,count
2022-05-26 14:00:00,1770
2022-05-26 14:30:00,910
2022-05-26 15:00:00,0
2022-05-26 15:30:00,0
2022-05-26 16:00:00,0
2022-05-26 16:30:00,0
2022-05-26 17:00:00,0
2022-05-26 17:30:00,0
2022-05-26 18:00:00,9597
2022-05-26 18:30:00,16171
2022-05-26 19:00:00,14590
2022-05-26 19:30:00,15308
2022-05-26 20:00:00,15357
2022-05-26 20:30:00,14068
2022-05-26 21:00:00,14650
2022-05-26 21:30:00,12952
2022-05-26 22:00:00,10126
2022-05-26 22:30:00,10574
2022-05-26 23:00:00,9261
2022-05-26 23:30:00,8340
2022-05-27 00:00:00,4954
2022-05-27 00:30:00,3435
2022-05-27 01:00:00,3268
2022-05-27 01:30:00,2357
2022-05-27 02:00:00,3380
2022-05-27 02:30:00,3425
2022-05-27 03:00:00,2990
2022-05-27 03:30:00,259
2022-05-27 04:00:00,1662
2022-05-27 04:30:00,581
2022-05-27 05:00:00,2547
2022-05-27 05:30:00,2238
2022-05-27 06:00:00,3510
2022-05-27 06:30:00,3920
2022-05-27 07:00:00,764
2022-05-27 07:30:00,2905
2022-05-27 08:00:00,1402
2022-05-27 08:30:00,0
2022-05-27 09:00:00,5143
2022-05-27 09:30:00,3243
2022-05-27 10:00:00,51
2022-05-27 10:30:00,3697
2022-05-27 11:00:00,5079
2022-05-27 11:30:00,6628
2022-05-27 12:00:00,6194
2022-05-27 12:30:00,5520
2022-05-27 13:00:00,1043
2022-05-27 13:30:00,619
2022-05-27 14:00:00,5631
2022-05-27 14:30:00,1831
2022-05-27 15:00:00,14175
2022-05-27 15:30:00,11563
2022-05-27 16:00:00,0
2022-05-27 16:30:00,0
2022-05-27 17:00:00,11624
2022-05-27 17:30:00,9603
2022-05-27 18:00:00,14470
2022-05-27 18:30:00,19672
2022-05-27 19:00:00,16987
2022-05-27 19:30:00,11979
2022-05-27 20:00:00,11624
2022-05-27 20:30:00,9774
2022-05-27 21:00:00,12322
2022-05-27 21:30:00,12662
2022-05-27 22:00:00,10228
2022-05-27 22:30:00,14690
2022-05-27 23:00:00,11339
2022-05-27 23:30:00,4880
2022-05-28 00:00:00,0
2022-05-28 00:30:00,4544
2022-05-28 01:00:00,6131
2022-05-28 01:30:00,3686
2022-05-28 02:00:00,1743
2022-05-28 02:30:00,1062
2022-05-28 03:00:00,125
2022-05-28 03:30:00,0
2022-05-28 04:00:00,3064
2022-05-28 04:30:00,4197
2022-05-28 05:00:00,3111
2022-05-28 05:30:00,1638
2022-05-28 06:00:00,0
2022-05-28 06:30:00,0
2022-05-28 07:00:00,6028
2022-05-28 07:30:00,4281
2022-05-28 08:00:00,3987
2022-05-28 08:30:00,3326
2022-05-28 09:00:00,3252
2022-05-28 09:30:00,0
2022-05-28 10:00:00,10137
2022-05-28 10:30:00,13506
2022-05-28 11:00:00,14827
2022-05-28 11:30:00,11142
2022-05-28 12:00:00,0
2022-05-28 12:30:00,0
2022-05-28 13:00:00,16192
2022-05-28 13:30:00,12870
2022-05-28 14:00:00,17476
2022-05-28 14:30:00,18599
2022-05-28 15:00:00,14434
2022-05-28 15:30:00,18023
2022-05-28 16:00:00,19343
2022-05-28 16:30:00,24393
2022-05-28 17:00:00,22641
2022-05-28 17:30:00,16932
2022-05-28 18:00:00,7894
2022-05-28 18:30:00,12450
2022-05-28 19:00:00,770
2022-05-28 19:30:00,0
2022-05-28 20:00:00,13003
2022-05-28 20:30:00,18466
2022-05-28 21:00:00,12367
2022-05-28 21:30:00,8282
2022-05-28 22:00:00,0
2022-05-28 22:30:00,0
2022-05-28 23:00:00,6217
2022-05-28 23:30:00,7170
2022-05-29 00:00:00,3766
2022-05-29 00:30:00,1732
2022-05-29 01:00:00,0
2022-05-29 01:30:00,3191
2022-05-29 02:00:00,4183
2022-05-29 02:30:00,2637
2022-05-29 03:00:00,1091
2022-05-29 03:30:00,1251
2022-05-29 04:00:00,1729
2022-05-29 04:30:00,0
2022-05-29 05:00:00,4214
2022-05-29 05:30:00,5266
2022-05-29 06:00:00,7329
2022-05-29 06:30:00,7770
2022-05-29 07:00:00,0
2022-05-29 07:30:00,0
2022-05-29 08:00:00,7990
2022-05-29 08:30:00,10633
2022-05-29 09:00:00,9451
2022-05-29 09:30:00,11294
2022-05-29 10:00:00,5037
2022-05-29 10:30:00,12426
2022-05-29 11:00:00,18640
2022-05-29 11:30:00,14044
2022-05-29 12:00:00,20453
2022-05-29 12:30:00,19274
2022-05-29 13:00:00,10209
2022-05-29 13:30:00,5754
2022-05-29 14:00:00,19604
2022-05-29 14:30:00,13966
2022-05-29 15:00:00,17284
2022-05-29 15:30:00,18643
2022-05-29 16:00:00,12636
2022-05-29 16:30:00,2919
2022-05-29 17:00:00,6483
2022-05-29 17:30:00,18348
2022-05-29 18:00:00,12230
2022-05-29 18:30:00,14474
2022-05-29 19:00:00,11059
2022-05-29 19:30:00,5915
2022-05-29 20:00:00,1688
2022-05-29 20:30:00,8220
2022-05-29 21:00:00,7730
2022-05-29 21:30:00,5690
2022-05-29 22:00:00,3177
2022-05-29 22:30:00,1912
2022-05-29 23:00:00,1382
2022-05-29 23:30:00,2254
2022-05-30 00:00:00,2604
2022-05-30 00:30:00,1712
2022-05-30 01:00:00,980
2022-05-30 01:30:00,0
2022-05-30 02:00:00,90
2022-05-30 02:30:00,116
2022-05-30 03:00:00,4073
2022-05-30 03:30:00,3255
2022-05-30 04:00:00,0
2022-05-30 04:30:00,0
2022-05-30 05:00:00,2939
2022-05-30 05:30:00,0
2022-05-30 06:00:00,7441
2022-05-30 06:30:00,6500
2022-05-30 07:00:00,1551
2022-05-30 07:30:00,0
2022-05-30 08:00:00,8381
2022-05-30 08:30:00,3345
2022-05-30 09:00:00,8555
2022-05-30 09:30:00,10553
2022-05-30 10:00:00,13043
2022-05-30 10:30:00,12653
2022-05-30 11:00:00,8913
2022-05-30 11:30:00,5863
2022-05-30 12:00:00,8120
2022-05-30 12:30:00,12962
2022-05-30 13:00:00,17601
2022-05-30 13:30:00,14417
2022-05-30 14:00:00,18628
2022-05-30 14:30:00,15898
2022-05-30 15:00:00,6587
2022-05-30 15:30:00,2479
2022-05-30 16:00:00,13177
2022-05-30 16:30:00,17537
2022-05-30 17:00:00,15589
2022-05-30 17:30:00,10862
2022-05-30 18:00:00,7089
2022-05-30 18:30:00,0
2022-05-30 19:00:00,0
2022-05-30 19:30:00,0
2022-05-30 20:00:00,0
2022-05-30 20:30:00,0
2022-05-30 21:00:00,0
2022-05-30 21:30:00,6925
2022-05-30 22:00:00,4338
2022-05-30 22:30:00,9874
2022-05-30 23:00:00,16609
2022-05-30 23:30:00,8741
2022-05-31 00:00:00,11576
2022-05-31 00:30:00,10914
2022-05-31 01:00:00,9130
2022-05-31 01:30:00,2348
2022-05-31 02:00:00,2442
2022-05-31 02:30:00,4838
2022-05-31 03:00:00,4199
2022-05-31 03:30:00,2588
2022-05-31 04:00:00,3783
2022-05-31 04:30:00,3192
2022-05-31 05:00:00,5112
2022-05-31 05:30:00,5139
2022-05-31 06:00:00,5459
2022-05-31 06:30:00,3831
2022-05-31 07:00:00,2868
2022-05-31 07:30:00,1388
2022-05-31 08:00:00,11780
2022-05-31 08:30:00,13487
2022-05-31 09:00:00,10598
2022-05-31 09:30:00,13059
2022-05-31 10:00:00,6343
2022-05-31 10:30:00,2609
2022-05-31 11:00:00,5740
2022-05-31 11:30:00,13814
2022-05-31 12:00:00,22878
2022-05-31 12:30:00,20808
2022-05-31 13:00:00,25832
2022-05-31 13:30:00,20883
2022-05-31 14:00:00,11509
2022-05-31 14:30:00,23530
2022-05-31 15:00:00,25168
2022-05-31 15:30:00,33227
2022-05-31 16:00:00,37075
2022-05-31 16:30:00,29405
2022-05-31 17:00:00,6126
2022-05-31 17:30:00,23566
2022-05-31 18:00:00,17724
2022-05-31 18:30:00,14165
2022-05-31 19:00:00,30778
2022-05-31 19:30:00,32064
2022-05-31 20:00:00,16033
2022-05-31 20:30:00,8354
2022-05-31 21:00:00,17307
2022-05-31 21:30:00,22840
2022-05-31 22:00:00,25459
2022-05-31 22:30:00,16029
2022-05-31 23:00:00,8373
2022-05-31 23:30:00,4841
2022-06-01 00:00:00,5787
2022-06-01 00:30:00,7971
2022-06-01 01:00:00,6578
2022-06-01 01:30:00,6465
2022-06-01 02:00:00,5610
2022-06-01 02:30:00,3638
2022-06-01 03:00:00,2695
2022-06-01 03:30:00,5666
2022-06-01 04:00:00,3271
2022-06-01 04:30:00,3486
2022-06-01 05:00:00,6572
2022-06-01 05:30:00,3584
2022-06-01 06:00:00,1223
2022-06-01 06:30:00,4548
2022-06-01 07:00:00,7226
2022-06-01 07:30:00,5366
2022-06-01 08:00:00,5046
2022-06-01 08:30:00,4801
2022-06-01 09:00:00,12532
2022-06-01 09:30:00,10570
2022-06-01 10:00:00,22360
2022-06-01 10:30:00,22685
2022-06-01 11:00:00,24317
2022-06-01 11:30:00,22019
2022-06-01 12:00:00,15904
2022-06-01 12:30:00,15556
2022-06-01 13:00:00,12123
2022-06-01 13:30:00,14894
2022-06-01 14:00:00,20467
2022-06-01 14:30:00,19655
2022-06-01 15:00:00,31002
2022-06-01 15:30:00,18740
2022-06-01 16:00:00,14424
2022-06-01 16:30:00,17028
2022-06-01 17:00:00,17350
2022-06-01 17:30:00,22130
2022-06-01 18:00:00,30386
2022-06-01 18:30:00,16096
2022-06-01 19:00:00,5204
2022-06-01 19:30:00,6379
2022-06-01 20:00:00,24915
2022-06-01 20:30:00,25826
2022-06-01 21:00:00,22855
2022-06-01 21:30:00,18010
2022-06-01 22:00:00,5507
2022-06-01 22:30:00,7552
2022-06-01 23:00:00,9114
2022-06-01 23:30:00,8928
2022-06-02 00:00:00,4323
2022-06-02 00:30:00,3288
2022-06-02 01:00:00,2005
2022-06-02 01:30:00,2316
2022-06-02 02:00:00,361
2022-06-02 02:30:00,2666
2022-06-02 03:00:00,4986
2022-06-02 03:30:00,7421
2022-06-02 04:00:00,4728
2022-06-02 04:30:00,6242
2022-06-02 05:00:00,1339
2022-06-02 05:30:00,4187
2022-06-02 06:00:00,4179
2022-06-02 06:30:00,4250
2022-06-02 07:00:00,10803
2022-06-02 07:30:00,12324
2022-06-02 08:00:00,10830
2022-06-02 08:30:00,10204
2022-06-02 09:00:00,6654
2022-06-02 09:30:00,9085
2022-06-02 10:00:00,20634
2022-06-02 10:30:00,15317
2022-06-02 11:00:00,17298
2022-06-02 11:30:00,15304
2022-06-02 12:00:00,22150
2022-06-02 12:30:00,25912
2022-06-02 13:00:00,22003
2022-06-02 13:30:00,22178
2022-06-02 14:00:00,31424
2022-06-02 14:30:00,21991
2022-06-02 15:00:00,19378
2022-06-02 15:30:00,16838
2022-06-02 16:00:00,27696
2022-06-02 16:30:00,22794
2022-06-02 17:00:00,18781
2022-06-02 17:30:00,21816
2022-06-02 18:00:00,22209
2022-06-02 18:30:00,16944
2022-06-02 19:00:00,9741
2022-06-02 19:30:00,11176
2022-06-02 20:00:00,10226
2022-06-02 20:30:00,4716
2022-06-02 21:00:00,12085
2022-06-02 21:30:00,10608
2022-06-02 22:00:00,9144
2022-06-02 22:30:00,7498
2022-06-02 23:00:00,5175
2022-06-02 23:30:00,3516
2022-06-03 00:00:00,1266
2022-06-03 00:30:00,170
2022-06-03 01:00:00,2051
2022-06-03 01:30:00,1668
2022-06-03 02:00:00,4309
2022-06-03 02:30:00,3018
2022-06-03 03:00:00,1364
2022-06-03 03:30:00,5878
2022-06-03 04:00:00,2907
2022-06-03 04:30:00,4179
2022-06-03 05:00:00,11179
2022-06-03 05:30:00,5735
2022-06-03 06:00:00,6298
2022-06-03 06:30:00,12121
2022-06-03 07:00:00,14998
2022-06-03 07:30:00,14249
2022-06-03 08:00:00,14999
2022-06-03 08:30:00,16245
2022-06-03 09:00:00,9520
2022-06-03 09:30:00,10858
2022-06-03 10:00:00,19865
2022-06-03 10:30:00,18159
2022-06-03 11:00:00,19504
2022-06-03 11:30:00,17598
2022-06-03 12:00:00,12284
2022-06-03 12:30:00,19828
2022-06-03 13:00:00,18894
2022-06-03 13:30:00,22890
2022-06-03 14:00:00,27260
2022-06-03 14:30:00,29740
2022-06-03 15:00:00,31218
2022-06-03 15:30:00,19942
2022-06-03 16:00:00,12436
2022-06-03 16:30:00,0
2022-06-03 17:00:00,31943
2022-06-03 17:30:00,23323
2022-06-03 18:00:00,10450
2022-06-03 18:30:00,1131
2022-06-03 19:00:00,4652
2022-06-03 19:30:00,12469
2022-06-03 20:00:00,17870
2022-06-03 20:30:00,10817
2022-06-03 21:00:00,5906
2022-06-03 21:30:00,9781
2022-06-03 22:00:00,5323
2022-06-03 22:30:00,3534
2022-06-03 23:00:00,3543
2022-06-03 23:30:00,3943
2022-06-04 00:00:00,3014
2022-06-04 00:30:00,2509
2022-06-04 01:00:00,4472
2022-06-04 01:30:00,3966
2022-06-04 02:00:00,6157
2022-06-04 02:30:00,6956
2022-06-04 03:00:00,3400
2022-06-04 03:30:00,4912
2022-06-04 04:00:00,1585
2022-06-04 04:30:00,8587
2022-06-04 05:00:00,13598
2022-06-04 05:30:00,11486
2022-06-04 06:00:00,11551
2022-06-04 06:30:00,10639
2022-06-04 07:00:00,15657
2022-06-04 07:30:00,14183
2022-06-04 08:00:00,13344
2022-06-04 08:30:00,11526
2022-06-04 09:00:00,11737
2022-06-04 09:30:00,6193
2022-06-04 10:00:00,10367
2022-06-04 10:30:00,14938
2022-06-04 11:00:00,16119
2022-06-04 11:30:00,15939
2022-06-04 12:00:00,13650
2022-06-04 12:30:00,13748
2022-06-04 13:00:00,8731
2022-06-04 13:30:00,6369
2022-06-04 14:00:00,15148
2022-06-04 14:30:00,17632
2022-06-04 15:00:00,17342
2022-06-04 15:30:00,14068
2022-06-04 16:00:00,7497
2022-06-04 16:30:00,4932
2022-06-04 17:00:00,15354
2022-06-04 17:30:00,9577
2022-06-04 18:00:00,10438
2022-06-04 18:30:00,7576
2022-06-04 19:00:00,2238
2022-06-04 19:30:00,1166
2022-06-04 20:00:00,2657
2022-06-04 20:30:00,0
2022-06-04 21:00:00,2431
2022-06-04 21:30:00,49
2022-06-04 22:00:00,3227
2022-06-04 22:30:00,2448
2022-06-04 23:00:00,537
2022-06-04 23:30:00,1415
2022-06-05 00:00:00,1631
2022-06-05 00:30:00,2566
2022-06-05 01:00:00,2248
2022-06-05 01:30:00,1097
2022-06-05 02:00:00,662
2022-06-05 02:30:00,123
2022-06-05 03:00:00,5142
2022-06-05 03:30:00,9905
2022-06-05 04:00:00,1599
2022-06-05 04:30:00,0
2022-06-05 05:00:00,7820
2022-06-05 05:30:00,2106
2022-06-05 06:00:00,12365
2022-06-05 06:30:00,0
2022-06-05 07:00:00,18690
2022-06-05 07:30:00,16365
2022-06-05 08:00:00,12728
2022-06-05 08:30:00,7347
2022-06-05 09:00:00,2116
2022-06-05 09:30:00,23213
2022-06-05 10:00:00,17654
2022-06-05 10:30:00,0
2022-06-05 11:00:00,20003
2022-06-05 11:30:00,16480
2022-06-05 12:00:00,0
2022-06-05 12:30:00,14
2022-06-05 13:00:00,19678
2022-06-05 13:30:00,18298
2022-06-05 14:00:00,11918
2022-06-05 14:30:00,12129
2022-06-05 15:00:00,11201
2022-06-05 15:30:00,12877
2022-06-05 16:00:00,8268
2022-06-05 16:30:00,10973
2022-06-05 17:00:00,6338
2022-06-05 17:30:00,6708
2022-06-05 18:00:00,3829
2022-06-05 18:30:00,2350
2022-06-05 19:00:00,4090
2022-06-05 19:30:00,586
2022-06-05 20:00:00,4170
2022-06-05 20:30:00,2655
2022-06-05 21:00:00,45
2022-06-05 21:30:00,325
2022-06-05 22:00:00,928
2022-06-05 22:30:00,1587
2022-06-05 23:00:00,1584
2022-06-05 23:30:00,2714
2022-06-06 00:00:00,4259
2022-06-06 00:30:00,3500
2022-06-06 01:00:00,1272
2022-06-06 01:30:00,1578
2022-06-06 02:00:00,3548
2022-06-06 02:30:00,5362
2022-06-06 03:00:00,3427
2022-06-06 03:30:00,6990
2022-06-06 04:00:00,2238
2022-06-06 04:30:00,4550
2022-06-06 05:00:00,57
2022-06-06 05:30:00,0
2022-06-06 06:00:00,8103
2022-06-06 06:30:00,9948
2022-06-06 07:00:00,6037
2022-06-06 07:30:00,6361
2022-06-06 08:00:00,11433
2022-06-06 08:30:00,8497
2022-06-06 09:00:00,8757
2022-06-06 09:30:00,8827
2022-06-06 10:00:00,7820
2022-06-06 10:30:00,9284
2022-06-06 11:00:00,13108
2022-06-06 11:30:00,14888
2022-06-06 12:00:00,4506
2022-06-06 12:30:00,0
2022-06-06 13:00:00,12104
2022-06-06 13:30:00,4324
2022-06-06 14:00:00,8194
2022-06-06 14:30:00,9724
2022-06-06 15:00:00,12208
2022-06-06 15:30:00,6397
2022-06-06 16:00:00,4426
2022-06-06 16:30:00,3208
2022-06-06 17:00:00,2763
2022-06-06 17:30:00,4131
2022-06-06 18:00:00,4264
2022-06-06 18:30:00,4311
2022-06-06 19:00:00,1377
2022-06-06 19:30:00,948
2022-06-06 20:00:00,609
2022-06-06 20:30:00,2096
2022-06-06 21:00:00,2784
2022-06-06 21:30:00,1882
2022-06-06 22:00:00,1
2022-06-06 22:30:00,0
2022-06-06 23:00:00,569
2022-06-06 23:30:00,1871
2022-06-07 00:00:00,3449
2022-06-07 00:30:00,2414
2022-06-07 01:00:00,3649
2022-06-07 01:30:00,4824
2022-06-07 02:00:00,4260
2022-06-07 02:30:00,3053
2022-06-07 03:00:00,5468
2022-06-07 03:30:00,7760
2022-06-07 04:00:00,5854
2022-06-07 04:30:00,8891
2022-06-07 05:00:00,7399
2022-06-07 05:30:00,4460
2022-06-07 06:00:00,0
2022-06-07 06:30:00,0
2022-06-07 07:00:00,12404
2022-06-07 07:30:00,9356
2022-06-07 08:00:00,7441
2022-06-07 08:30:00,4751
2022-06-07 09:00:00,6653
2022-06-07 09:30:00,15935
2022-06-07 10:00:00,16041
2022-06-07 10:30:00,14478
2022-06-07 11:00:00,18670
2022-06-07 11:30:00,14052
2022-06-07 12:00:00,6253
2022-06-07 12:30:00,12836
2022-06-07 13:00:00,101
2022-06-07 13:30:00,0
2022-06-07 14:00:00,5477
2022-06-07 14:30:00,10661
2022-06-07 15:00:00,7463
2022-06-07 15:30:00,9005
2022-06-07 16:00:00,10937
2022-06-07 16:30:00,6920
2022-06-07 17:00:00,2162
2022-06-07 17:30:00,3745
2022-06-07 18:00:00,3550
2022-06-07 18:30:00,4289
2022-06-07 19:00:00,3170
2022-06-07 19:30:00,1834
2022-06-07 20:00:00,1244
2022-06-07 20:30:00,1342
2022-06-07 21:00:00,2404
2022-06-07 21:30:00,3597
2022-06-07 22:00:00,3353
2022-06-07 22:30:00,3620
2022-06-07 23:00:00,4548
2022-06-07 23:30:00,2521
2022-06-08 00:00:00,1418
2022-06-08 00:30:00,4856
2022-06-08 01:00:00,6985
2022-06-08 01:30:00,6385
2022-06-08 02:00:00,76
2022-06-08 02:30:00,0
2022-06-08 03:00:00,858
2022-06-08 03:30:00,7389
2022-06-08 04:00:00,8719
2022-06-08 04:30:00,12780
2022-06-08 05:00:00,7819
2022-06-08 05:30:00,7551
2022-06-08 06:00:00,5289
2022-06-08 06:30:00,7972
2022-06-08 07:00:00,9144
2022-06-08 07:30:00,14260
2022-06-08 08:00:00,11441
2022-06-08 08:30:00,10368
2022-06-08 09:00:00,150
2022-06-08 09:30:00,6690
2022-06-08 10:00:00,17406
2022-06-08 10:30:00,15106
2022-06-08 11:00:00,18133
2022-06-08 11:30:00,14027
2022-06-08 12:00:00,10462
2022-06-08 12:30:00,4864
2022-06-08 13:00:00,1613
2022-06-08 13:30:00,13077
2022-06-08 14:00:00,10871
2022-06-08 14:30:00,6578
2022-06-08 15:00:00,9140
2022-06-08 15:30:00,6223
2022-06-08 16:00:00,2025
2022-06-08 16:30:00,1725
2022-06-08 17:00:00,2877
2022-06-08 17:30:00,3981
2022-06-08 18:00:00,2089
2022-06-08 18:30:00,619
2022-06-08 19:00:00,0
2022-06-08 19:30:00,0
2022-06-08 20:00:00,2598
2022-06-08 20:30:00,2368
2022-06-08 21:00:00,1624
2022-06-08 21:30:00,1558
2022-06-08 22:00:00,2920
2022-06-08 22:30:00,4479
2022-06-08 23:00:00,3665
2022-06-08 23:30:00,3866
2022-06-09 00:00:00,96
2022-06-09 00:30:00,0
2022-06-09 01:00:00,2114
2022-06-09 01:30:00,6194
2022-06-09 02:00:00,5799
2022-06-09 02:30:00,8576
2022-06-09 03:00:00,7948
2022-06-09 03:30:00,7050
2022-06-09 04:00:00,3710
2022-06-09 04:30:00,6038
2022-06-09 05:00:00,9345
2022-06-09 05:30:00,10450
2022-06-09 06:00:00,10387
2022-06-09 06:30:00,11804
2022-06-09 07:00:00,9014
2022-06-09 07:30:00,7414
2022-06-09 08:00:00,15547
2022-06-09 08:30:00,17005
2022-06-09 09:00:00,13015
2022-06-09 09:30:00,18572
2022-06-09 10:00:00,14607
2022-06-09 10:30:00,6746
2022-06-09 11:00:00,12149
2022-06-09 11:30:00,17281
2022-06-09 12:00:00,13284
2022-06-09 12:30:00,4667
2022-06-09 13:00:00,6728
2022-06-09 13:30:00,12973
2022-06-09 14:00:00,5844
2022-06-09 14:30:00,0
2022-06-09 15:00:00,5765
2022-06-09 15:30:00,2453
2022-06-09 16:00:00,1700
2022-06-09 16:30:00,3758
2022-06-09 17:00:00,3466
2022-06-09 17:30:00,3092
2022-06-09 18:00:00,1917
2022-06-09 18:30:00,812
2022-06-09 19:00:00,436
2022-06-09 19:30:00,1396
2022-06-09 20:00:00,3161
2022-06-09 20:30:00,3291
2022-06-09 21:00:00,3021
2022-06-09 21:30:00,3876
2022-06-09 22:00:00,2373
2022-06-09 22:30:00,2012
2022-06-09 23:00:00,5001
2022-06-09 23:30:00,5116
2022-06-10 00:00:00,7090
2022-06-10 00:30:00,5939
2022-06-10 01:00:00,2230
2022-06-10 01:30:00,7056
2022-06-10 02:00:00,7491
2022-06-10 02:30:00,10973
2022-06-10 03:00:00,7300
2022-06-10 03:30:00,0
2022-06-10 04:00:00,1255
2022-06-10 04:30:00,7752
2022-06-10 05:00:00,85
2022-06-10 05:30:00,0
2022-06-10 06:00:00,9572
2022-06-10 06:30:00,10932
2022-06-10 07:00:00,8132
2022-06-10 07:30:00,0
2022-06-10 08:00:00,16247
2022-06-10 08:30:00,17334
2022-06-10 09:00:00,5083
2022-06-10 09:30:00,0
2022-06-10 10:00:00,15200
2022-06-10 10:30:00,8115
2022-06-10 11:00:00,121
2022-06-10 11:30:00,0
2022-06-10 12:00:00,9737
2022-06-10 12:30:00,0
2022-06-10 13:00:00,0
2022-06-10 13:30:00,0
2022-06-10 14:00:00,0
2022-06-10 14:30:00,0
2022-06-10 15:00:00,0
2022-06-10 15:30:00,0
2022-06-10 16:00:00,0
2022-06-10 16:30:00,0
2022-06-10 17:00:00,0
2022-06-10 17:30:00,0
2022-06-10 18:00:00,0
2022-06-10 18:30:00,0
2022-06-10 19:00:00,0
2022-06-10 19:30:00,0
2022-06-10 20:00:00,0
2022-06-10 20:30:00,0
2022-06-10 21:00:00,0
2022-06-10 21:30:00,0
2022-06-10 22:00:00,0
2022-06-10 22:30:00,0
2022-06-10 23:00:00,0
2022-06-10 23:30:00,0
2022-06-11 00:00:00,0
2022-06-11 00:30:00,0
2022-06-11 01:00:00,0
2022-06-11 01:30:00,0
2022-06-11 02:00:00,0
2022-06-11 02:30:00,0
2022-06-11 03:00:00,0
2022-06-11 03:30:00,0
2022-06-11 04:00:00,0
2022-06-11 04:30:00,0
2022-06-11 05:00:00,0
2022-06-11 05:30:00,0
2022-06-11 06:00:00,0
2022-06-11 06:30:00,0
2022-06-11 07:00:00,0
2022-06-11 07:30:00,0
2022-06-11 08:00:00,0
2022-06-11 08:30:00,0
2022-06-11 09:00:00,0
2022-06-11 09:30:00,0
2022-06-11 10:00:00,0
2022-06-11 10:30:00,0
2022-06-11 11:00:00,0
2022-06-11 11:30:00,0
2022-06-11 12:00:00,0
2022-06-11 12:30:00,0
2022-06-11 13:00:00,0
2022-06-11 13:30:00,0
2022-06-11 14:00:00,0
2022-06-11 14:30:00,0
2022-06-11 15:00:00,0
2022-06-11 15:30:00,0
2022-06-11 16:00:00,0
2022-06-11 16:30:00,0
2022-06-11 17:00:00,0
2022-06-11 17:30:00,0
2022-06-11 18:00:00,0
2022-06-11 18:30:00,0
2022-06-11 19:00:00,0
2022-06-11 19:30:00,0
2022-06-11 20:00:00,0
2022-06-11 20:30:00,0
2022-06-11 21:00:00,0
2022-06-11 21:30:00,0
2022-06-11 22:00:00,0
2022-06-11 22:30:00,0
2022-06-11 23:00:00,0
2022-06-11 23:30:00,0
2022-06-12 00:00:00,0
2022-06-12 00:30:00,0
2022-06-12 01:00:00,0
2022-06-12 01:30:00,0
2022-06-12 02:00:00,0
2022-06-12 02:30:00,0
2022-06-12 03:00:00,0
2022-06-12 03:30:00,0
2022-06-12 04:00:00,0
2022-06-12 04:30:00,0
2022-06-12 05:00:00,0
2022-06-12 05:30:00,0
2022-06-12 06:00:00,0
2022-06-12 06:30:00,0
2022-06-12 07:00:00,0
2022-06-12 07:30:00,0
2022-06-12 08:00:00,0
2022-06-12 08:30:00,0
2022-06-12 09:00:00,0
2022-06-12 09:30:00,0
2022-06-12 10:00:00,0
2022-06-12 10:30:00,0
2022-06-12 11:00:00,0
2022-06-12 11:30:00,0
2022-06-12 12:00:00,0
2022-06-12 12:30:00,0
2022-06-12 13:00:00,0
2022-06-12 13:30:00,0
2022-06-12 14:00:00,0
2022-06-12 14:30:00,0
2022-06-12 15:00:00,0
2022-06-12 15:30:00,0
2022-06-12 16:00:00,0
2022-06-12 16:30:00,0
2022-06-12 17:00:00,0
2022-06-12 17:30:00,0
2022-06-12 18:00:00,0
2022-06-12 18:30:00,0
2022-06-12 19:00:00,0
2022-06-12 19:30:00,0
2022-06-12 20:00:00,0
2022-06-12 20:30:00,0
2022-06-12 21:00:00,0
2022-06-12 21:30:00,0
2022-06-12 22:00:00,0
2022-06-12 22:30:00,0
2022-06-12 23:00:00,0
2022-06-12 23:30:00,0
2022-06-13 00:00:00,0
2022-06-13 00:30:00,0
2022-06-13 01:00:00,0
2022-06-13 01:30:00,0
2022-06-13 02:00:00,0
2022-06-13 02:30:00,0
2022-06-13 03:00:00,0
2022-06-13 03:30:00,0
2022-06-13 04:00:00,0
2022-06-13 04:30:00,0
2022-06-13 05:00:00,0
2022-06-13 05:30:00,0
2022-06-13 06:00:00,0
2022-06-13 06:30:00,0
2022-06-13 07:00:00,0
2022-06-13 07:30:00,0
2022-06-13 08:00:00,0
2022-06-13 08:30:00,0
2022-06-13 09:00:00,0
2022-06-13 09:30:00,0
2022-06-13 10:00:00,0
2022-06-13 10:30:00,0
2022-06-13 11:00:00,0
2022-06-13 11:30:00,0
2022-06-13 12:00:00,0
2022-06-13 12:30:00,0
2022-06-13 13:00:00,0
2022-06-13 13:30:00,0
2022-06-13 14:00:00,0
2022-06-13 14:30:00,0
2022-06-13 15:00:00,0
2022-06-13 15:30:00,0
2022-06-13 16:00:00,0
2022-06-13 16:30:00,0
2022-06-13 17:00:00,0
2022-06-13 17:30:00,0
2022-06-13 18:00:00,0
2022-06-13 18:30:00,0
2022-06-13 19:00:00,0
2022-06-13 19:30:00,0
2022-06-13 20:00:00,0
2022-06-13 20:30:00,0
2022-06-13 21:00:00,0
2022-06-13 21:30:00,0
2022-06-13 22:00:00,0
2022-06-13 22:30:00,0
2022-06-13 23:00:00,0
2022-06-13 23:30:00,0
2022-06-14 00:00:00,0
2022-06-14 00:30:00,0
2022-06-14 01:00:00,0
2022-06-14 01:30:00,0
2022-06-14 02:00:00,0
2022-06-14 02:30:00,0
2022-06-14 03:00:00,0
2022-06-14 03:30:00,0
2022-06-14 04:00:00,0
2022-06-14 04:30:00,0
2022-06-14 05:00:00,0
2022-06-14 05:30:00,0
2022-06-14 06:00:00,0
2022-06-14 06:30:00,0
2022-06-14 07:00:00,0
2022-06-14 07:30:00,0
2022-06-14 08:00:00,0
2022-06-14 08:30:00,0
2022-06-14 09:00:00,0
2022-06-14 09:30:00,0
2022-06-14 10:00:00,0
2022-06-14 10:30:00,0
2022-06-14 11:00:00,0
2022-06-14 11:30:00,0
2022-06-14 12:00:00,0
2022-06-14 12:30:00,0
2022-06-14 13:00:00,0
2022-06-14 13:30:00,0
2022-06-14 14:00:00,0
2022-06-14 14:30:00,0
2022-06-14 15:00:00,0
2022-06-14 15:30:00,0
2022-06-14 16:00:00,0
2022-06-14 16:30:00,0
2022-06-14 17:00:00,0
2022-06-14 17:30:00,0
2022-06-14 18:00:00,0
2022-06-14 18:30:00,0
2022-06-14 19:00:00,0
2022-06-14 19:30:00,0
2022-06-14 20:00:00,0
2022-06-14 20:30:00,0
2022-06-14 21:00:00,0
2022-06-14 21:30:00,0
2022-06-14 22:00:00,0
2022-06-14 22:30:00,0
2022-06-14 23:00:00,0
2022-06-14 23:30:00,0
2022-06-15 00:00:00,0
2022-06-15 00:30:00,0
2022-06-15 01:00:00,0
2022-06-15 01:30:00,0
2022-06-15 02:00:00,0
2022-06-15 02:30:00,0
2022-06-15 03:00:00,0
2022-06-15 03:30:00,0
2022-06-15 04:00:00,0
2022-06-15 04:30:00,0
2022-06-15 05:00:00,0
2022-06-15 05:30:00,0
2022-06-15 06:00:00,0
2022-06-15 06:30:00,0
2022-06-15 07:00:00,0
2022-06-15 07:30:00,0
2022-06-15 08:00:00,0
2022-06-15 08:30:00,0
2022-06-15 09:00:00,0
2022-06-15 09:30:00,0
2022-06-15 10:00:00,0
2022-06-15 10:30:00,0
2022-06-15 11:00:00,0
2022-06-15 11:30:00,0
2022-06-15 12:00:00,0
2022-06-15 12:30:00,3859
2022-06-15 13:00:00,3442
2022-06-15 13:30:00,7713
2022-06-15 14:00:00,8998
2022-06-15 14:30:00,7969
2022-06-15 15:00:00,13471
2022-06-15 15:30:00,14477
2022-06-15 16:00:00,9101
2022-06-15 16:30:00,593
2022-06-15 17:00:00,18449
2022-06-15 17:30:00,15103
2022-06-15 18:00:00,11701
2022-06-15 18:30:00,11256
2022-06-15 19:00:00,154
2022-06-15 19:30:00,2478
2022-06-15 20:00:00,10557
2022-06-15 20:30:00,16285
2022-06-15 21:00:00,12239
2022-06-15 21:30:00,6868
2022-06-15 22:00:00,5805
2022-06-15 22:30:00,2925
2022-06-15 23:00:00,6229
2022-06-15 23:30:00,4705
2022-06-16 00:00:00,2566
2022-06-16 00:30:00,3336
2022-06-16 01:00:00,2760
2022-06-16 01:30:00,998
2022-06-16 02:00:00,674
2022-06-16 02:30:00,786
2022-06-16 03:00:00,1488
2022-06-16 03:30:00,687
2022-06-16 04:00:00,8
2022-06-16 04:30:00,0
2022-06-16 05:00:00,498
2022-06-16 05:30:00,2215
2022-06-16 06:00:00,20
2022-06-16 06:30:00,79
2022-06-16 07:00:00,3301
2022-06-16 07:30:00,5242
2022-06-16 08:00:00,3490
2022-06-16 08:30:00,3191
2022-06-16 09:00:00,5948
2022-06-16 09:30:00,7057
2022-06-16 10:00:00,7054
2022-06-16 10:30:00,5812
2022-06-16 11:00:00,8049
2022-06-16 11:30:00,6979
2022-06-16 12:00:00,6730
2022-06-16 12:30:00,8721
2022-06-16 13:00:00,6750
2022-06-16 13:30:00,10628
2022-06-16 14:00:00,11405
2022-06-16 14:30:00,9396
2022-06-16 15:00:00,7276
2022-06-16 15:30:00,1890
2022-06-16 16:00:00,10405
2022-06-16 16:30:00,0
2022-06-16 17:00:00,16269
2022-06-16 17:30:00,13551
2022-06-16 18:00:00,10343
2022-06-16 18:30:00,5332
2022-06-16 19:00:00,9989
2022-06-16 19:30:00,11948
2022-06-16 20:00:00,15810
2022-06-16 20:30:00,10266
2022-06-16 21:00:00,7803
2022-06-16 21:30:00,4750
2022-06-16 22:00:00,3695
2022-06-16 22:30:00,6183
2022-06-16 23:00:00,7432
2022-06-16 23:30:00,3496
2022-06-17 00:00:00,3695
2022-06-17 00:30:00,2069
2022-06-17 01:00:00,557
2022-06-17 01:30:00,0
2022-06-17 02:00:00,0
2022-06-17 02:30:00,0
2022-06-17 03:00:00,539
2022-06-17 03:30:00,654
2022-06-17 04:00:00,235
2022-06-17 04:30:00,1054
2022-06-17 05:00:00,4031
2022-06-17 05:30:00,1935
2022-06-17 06:00:00,4325
2022-06-17 06:30:00,5495
2022-06-17 07:00:00,2335
2022-06-17 07:30:00,3031
2022-06-17 08:00:00,4249
2022-06-17 08:30:00,5214
2022-06-17 09:00:00,4624
2022-06-17 09:30:00,6452
2022-06-17 10:00:00,7792
2022-06-17 10:30:00,3947
2022-06-17 11:00:00,9418
2022-06-17 11:30:00,9217
2022-06-17 12:00:00,109
2022-06-17 12:30:00,0
2022-06-17 13:00:00,7339
2022-06-17 13:30:00,8902
2022-06-17 14:00:00,4994
2022-06-17 14:30:00,14044
2022-06-17 15:00:00,19590
2022-06-17 15:30:00,19053
2022-06-17 16:00:00,1825
2022-06-17 16:30:00,0
2022-06-17 17:00:00,17769
2022-06-17 17:30:00,1735
2022-06-17 18:00:00,12192
2022-06-17 18:30:00,18900
2022-06-17 19:00:00,16052
2022-06-17 19:30:00,0
2022-06-17 20:00:00,10613
2022-06-17 20:30:00,8144
2022-06-17 21:00:00,2197
2022-06-17 21:30:00,899
2022-06-17 22:00:00,10726
2022-06-17 22:30:00,7670
2022-06-17 23:00:00,4533
2022-06-17 23:30:00,2842
2022-06-18 00:00:00,1994
2022-06-18 00:30:00,3124
2022-06-18 01:00:00,31
2022-06-18 01:30:00,817
2022-06-18 02:00:00,2710
2022-06-18 02:30:00,2689
2022-06-18 03:00:00,1330
2022-06-18 03:30:00,854
2022-06-18 04:00:00,214
2022-06-18 04:30:00,0
2022-06-18 05:00:00,1791
2022-06-18 05:30:00,2857
2022-06-18 06:00:00,2228
2022-06-18 06:30:00,0
2022-06-18 07:00:00,0
2022-06-18 07:30:00,0
2022-06-18 08:00:00,6559
2022-06-18 08:30:00,9303
2022-06-18 09:00:00,9596
2022-06-18 09:30:00,7343
2022-06-18 10:00:00,8428
2022-06-18 10:30:00,13949
2022-06-18 11:00:00,12406
2022-06-18 11:30:00,12347
2022-06-18 12:00:00,14900
2022-06-18 12:30:00,12603
2022-06-18 13:00:00,0
2022-06-18 13:30:00,0
2022-06-18 14:00:00,17699
2022-06-18 14:30:00,13637
2022-06-18 15:00:00,215
2022-06-18 15:30:00,0
2022-06-18 16:00:00,6822
2022-06-18 16:30:00,1884
2022-06-18 17:00:00,14947
2022-06-18 17:30:00,13620
2022-06-18 18:00:00,0
2022-06-18 18:30:00,0
2022-06-18 19:00:00,0
2022-06-18 19:30:00,0
2022-06-18 20:00:00,0
2022-06-18 20:30:00,10778
2022-06-18 21:00:00,5465
2022-06-18 21:30:00,16751
2022-06-18 22:00:00,19416
2022-06-18 22:30:00,9571
2022-06-18 23:00:00,17056
2022-06-18 23:30:00,14341
2022-06-19 00:00:00,3045
2022-06-19 00:30:00,6542
2022-06-19 01:00:00,5708
2022-06-19 01:30:00,6441
2022-06-19 02:00:00,3823
2022-06-19 02:30:00,1706
2022-06-19 03:00:00,2552
2022-06-19 03:30:00,3432
2022-06-19 04:00:00,2110
2022-06-19 04:30:00,658
2022-06-19 05:00:00,4707
2022-06-19 05:30:00,4163
2022-06-19 06:00:00,4219
2022-06-19 06:30:00,2814
2022-06-19 07:00:00,2746
2022-06-19 07:30:00,1289
2022-06-19 08:00:00,6502
2022-06-19 08:30:00,10773
2022-06-19 09:00:00,9552
2022-06-19 09:30:00,13950
2022-06-19 10:00:00,15624
2022-06-19 10:30:00,7488
2022-06-19 11:00:00,9098
2022-06-19 11:30:00,13496
2022-06-19 12:00:00,19430
2022-06-19 12:30:00,19149
2022-06-19 13:00:00,12605
2022-06-19 13:30:00,11973
2022-06-19 14:00:00,7508
2022-06-19 14:30:00,15317
2022-06-19 15:00:00,20819
2022-06-19 15:30:00,16888
2022-06-19 16:00:00,23092
2022-06-19 16:30:00,18549
2022-06-19 17:00:00,7242
2022-06-19 17:30:00,8412
2022-06-19 18:00:00,0
2022-06-19 18:30:00,5319
2022-06-19 19:00:00,12616
2022-06-19 19:30:00,13591
2022-06-19 20:00:00,12790
2022-06-19 20:30:00,12672
2022-06-19 21:00:00,10915
2022-06-19 21:30:00,10480
2022-06-19 22:00:00,9692
2022-06-19 22:30:00,8827
2022-06-19 23:00:00,8045
2022-06-19 23:30:00,6587
2022-06-20 00:00:00,4124
2022-06-20 00:30:00,2977
2022-06-20 01:00:00,3035
2022-06-20 01:30:00,2837
2022-06-20 02:00:00,2312
2022-06-20 02:30:00,2354
2022-06-20 03:00:00,856
2022-06-20 03:30:00,1517
2022-06-20 04:00:00,921
2022-06-20 04:30:00,1192
2022-06-20 05:00:00,1590
2022-06-20 05:30:00,2103
2022-06-20 06:00:00,2434
2022-06-20 06:30:00,3257
2022-06-20 07:00:00,2712
2022-06-20 07:30:00,3526
2022-06-20 08:00:00,4988
2022-06-20 08:30:00,6629
2022-06-20 09:00:00,6723
2022-06-20 09:30:00,6005
2022-06-20 10:00:00,5209
2022-06-20 10:30:00,7757
2022-06-20 11:00:00,8143
2022-06-20 11:30:00,9163
2022-06-20 12:00:00,8287
2022-06-20 12:30:00,10289
2022-06-20 13:00:00,9978
2022-06-20 13:30:00,11706
2022-06-20 14:00:00,12141
2022-06-20 14:30:00,11663
2022-06-20 15:00:00,13085
2022-06-20 15:30:00,12415
2022-06-20 16:00:00,15323
2022-06-20 16:30:00,15250
2022-06-20 17:00:00,14534
2022-06-20 17:30:00,16366
2022-06-20 18:00:00,16523
2022-06-20 18:30:00,18180
2022-06-20 19:00:00,16564
2022-06-20 19:30:00,16629
2022-06-20 20:00:00,16048
2022-06-20 20:30:00,12912
2022-06-20 21:00:00,13126
2022-06-20 21:30:00,11319
2022-06-20 22:00:00,10157
2022-06-20 22:30:00,9683
2022-06-20 23:00:00,8699
2022-06-20 23:30:00,7965
2022-06-21 00:00:00,5757
2022-06-21 00:30:00,5103
2022-06-21 01:00:00,4539
2022-06-21 01:30:00,3964
2022-06-21 02:00:00,3273
2022-06-21 02:30:00,2693
2022-06-21 03:00:00,1566
2022-06-21 03:30:00,2915
2022-06-21 04:00:00,2218
2022-06-21 04:30:00,1279
2022-06-21 05:00:00,2466
2022-06-21 05:30:00,3035
2022-06-21 06:00:00,3448
2022-06-21 06:30:00,3683
2022-06-21 07:00:00,2689
2022-06-21 07:30:00,4008
2022-06-21 08:00:00,5760
2022-06-21 08:30:00,6510
2022-06-21 09:00:00,4873
2022-06-21 09:30:00,5077
2022-06-21 10:00:00,4260
2022-06-21 10:30:00,7730
2022-06-21 11:00:00,8644
2022-06-21 11:30:00,8246
2022-06-21 12:00:00,10468
2022-06-21 12:30:00,10144
2022-06-21 13:00:00,9833
2022-06-21 13:30:00,11105
2022-06-21 14:00:00,11587
2022-06-21 14:30:00,12505
2022-06-21 15:00:00,10908
2022-06-21 15:30:00,14014
2022-06-21 16:00:00,14785
2022-06-21 16:30:00,15944
2022-06-21 17:00:00,16001
2022-06-21 17:30:00,15947
2022-06-21 18:00:00,15539
2022-06-21 18:30:00,15794
2022-06-21 19:00:00,16067
2022-06-21 19:30:00,16409
2022-06-21 20:00:00,14851
2022-06-21 20:30:00,13667
2022-06-21 21:00:00,12154
2022-06-21 21:30:00,12480
2022-06-21 22:00:00,10598
2022-06-21 22:30:00,8626
2022-06-21 23:00:00,10389
2022-06-21 23:30:00,6609
2022-06-22 00:00:00,2094
2022-06-22 00:30:00,3044
2022-06-22 01:00:00,3055
2022-06-22 01:30:00,3160
2022-06-22 02:00:00,2608
2022-06-22 02:30:00,2095
2022-06-22 03:00:00,1448
2022-06-22 03:30:00,2590
2022-06-22 04:00:00,2061
2022-06-22 04:30:00,2174
2022-06-22 05:00:00,2612
2022-06-22 05:30:00,2961
2022-06-22 06:00:00,3274
2022-06-22 06:30:00,3451
2022-06-22 07:00:00,2156
2022-06-22 07:30:00,3180
2022-06-22 08:00:00,5360
2022-06-22 08:30:00,6357
2022-06-22 09:00:00,5877
2022-06-22 09:30:00,6684
2022-06-22 10:00:00,6610
2022-06-22 10:30:00,7432
2022-06-22 11:00:00,6692
2022-06-22 11:30:00,7673
2022-06-22 12:00:00,8300
2022-06-22 12:30:00,10117
2022-06-22 13:00:00,11336
2022-06-22 13:30:00,12665
2022-06-22 14:00:00,9655
2022-06-22 14:30:00,12302
2022-06-22 15:00:00,14263
2022-06-22 15:30:00,15183
2022-06-22 16:00:00,13059
2022-06-22 16:30:00,15673
2022-06-22 17:00:00,15441
2022-06-22 17:30:00,15514
2022-06-22 18:00:00,16885
2022-06-22 18:30:00,16332
2022-06-22 19:00:00,13875
2022-06-22 19:30:00,12921
2022-06-22 20:00:00,13452
2022-06-22 20:30:00,13426
2022-06-22 21:00:00,11929
2022-06-22 21:30:00,12124
2022-06-22 22:00:00,12369
2022-06-22 22:30:00,9014
2022-06-22 23:00:00,9572
2022-06-22 23:30:00,6738
2022-06-23 00:00:00,4991
2022-06-23 00:30:00,4286
2022-06-23 01:00:00,3047
2022-06-23 01:30:00,2402
2022-06-23 02:00:00,1771
2022-06-23 02:30:00,2048
2022-06-23 03:00:00,1065
2022-06-23 03:30:00,1751
2022-06-23 04:00:00,1511
2022-06-23 04:30:00,1462
2022-06-23 05:00:00,1310
2022-06-23 05:30:00,1872
2022-06-23 06:00:00,2686
2022-06-23 06:30:00,3142
2022-06-23 07:00:00,2020
2022-06-23 07:30:00,2521
2022-06-23 08:00:00,4251
2022-06-23 08:30:00,5434
2022-06-23 09:00:00,4111
2022-06-23 09:30:00,6691
2022-06-23 10:00:00,4665
2022-06-23 10:30:00,6604
2022-06-23 11:00:00,6159
2022-06-23 11:30:00,7892
2022-06-23 12:00:00,8644
2022-06-23 12:30:00,7859
2022-06-23 13:00:00,8461
2022-06-23 13:30:00,10886
2022-06-23 14:00:00,10484
2022-06-23 14:30:00,11059
2022-06-23 15:00:00,11356
2022-06-23 15:30:00,13542
2022-06-23 16:00:00,12430
2022-06-23 16:30:00,14050
2022-06-23 17:00:00,11702
2022-06-23 17:30:00,13773
2022-06-23 18:00:00,13091
2022-06-23 18:30:00,15314
2022-06-23 19:00:00,13488
2022-06-23 19:30:00,12209
2022-06-23 20:00:00,12716
2022-06-23 20:30:00,12786
2022-06-23 21:00:00,12172
2022-06-23 21:30:00,12061
2022-06-23 22:00:00,9157
2022-06-23 22:30:00,7831
2022-06-23 23:00:00,9037
2022-06-23 23:30:00,7470
2022-06-24 00:00:00,4725
2022-06-24 00:30:00,4281
2022-06-24 01:00:00,3502
2022-06-24 01:30:00,2640
2022-06-24 02:00:00,2306
2022-06-24 02:30:00,2430
2022-06-24 03:00:00,705
2022-06-24 03:30:00,1216
2022-06-24 04:00:00,836
2022-06-24 04:30:00,838
2022-06-24 05:00:00,1382
2022-06-24 05:30:00,2167
2022-06-24 06:00:00,2399
2022-06-24 06:30:00,3804
2022-06-24 07:00:00,2628
2022-06-24 07:30:00,3012
2022-06-24 08:00:00,5958
2022-06-24 08:30:00,5192
2022-06-24 09:00:00,4769
2022-06-24 09:30:00,5789
2022-06-24 10:00:00,5738
2022-06-24 10:30:00,7740
2022-06-24 11:00:00,7741
2022-06-24 11:30:00,9214
2022-06-24 12:00:00,10556
2022-06-24 12:30:00,11026
2022-06-24 13:00:00,11346
2022-06-24 13:30:00,10733
2022-06-24 14:00:00,9889
2022-06-24 14:30:00,9129
2022-06-24 15:00:00,11971
2022-06-24 15:30:00,13496
2022-06-24 16:00:00,14126
2022-06-24 16:30:00,15924
2022-06-24 17:00:00,13458
2022-06-24 17:30:00,16076
2022-06-24 18:00:00,16295
2022-06-24 18:30:00,16536
2022-06-24 19:00:00,15796
2022-06-24 19:30:00,15238
2022-06-24 20:00:00,14587
2022-06-24 20:30:00,17189
2022-06-24 21:00:00,16105
2022-06-24 21:30:00,15229
2022-06-24 22:00:00,13043
2022-06-24 22:30:00,14866
2022-06-24 23:00:00,12593
2022-06-24 23:30:00,11903
2022-06-25 00:00:00,8079
2022-06-25 00:30:00,9209
2022-06-25 01:00:00,7629
2022-06-25 01:30:00,5750
2022-06-25 02:00:00,3706
2022-06-25 02:30:00,3411
2022-06-25 03:00:00,2495
2022-06-25 03:30:00,2756
2022-06-25 04:00:00,2425
2022-06-25 04:30:00,2434
2022-06-25 05:00:00,2531
2022-06-25 05:30:00,3506
2022-06-25 06:00:00,3046
2022-06-25 06:30:00,3244
2022-06-25 07:00:00,2508
2022-06-25 07:30:00,3782
2022-06-25 08:00:00,5013
2022-06-25 08:30:00,5402
2022-06-25 09:00:00,5801
2022-06-25 09:30:00,7348
2022-06-25 10:00:00,8212
2022-06-25 10:30:00,8967
2022-06-25 11:00:00,11247
2022-06-25 11:30:00,10677
2022-06-25 12:00:00,13176
2022-06-25 12:30:00,15922
2022-06-25 13:00:00,14817
2022-06-25 13:30:00,13958
2022-06-25 14:00:00,14773
2022-06-25 14:30:00,15773
2022-06-25 15:00:00,14665
2022-06-25 15:30:00,16619
2022-06-25 16:00:00,16294
2022-06-25 16:30:00,16636
2022-06-25 17:00:00,16411
2022-06-25 17:30:00,17249
2022-06-25 18:00:00,17075
2022-06-25 18:30:00,17020
2022-06-25 19:00:00,16441
2022-06-25 19:30:00,16304
2022-06-25 20:00:00,13504
2022-06-25 20:30:00,12762
2022-06-25 21:00:00,12921
2022-06-25 21:30:00,12630
2022-06-25 22:00:00,10745
2022-06-25 22:30:00,9374
2022-06-25 23:00:00,9440
2022-06-25 23:30:00,8712
2022-06-26 00:00:00,6445
2022-06-26 00:30:00,4766
2022-06-26 01:00:00,4852
2022-06-26 01:30:00,3497
2022-06-26 02:00:00,4090
2022-06-26 02:30:00,3074
2022-06-26 03:00:00,1484
2022-06-26 03:30:00,2433
2022-06-26 04:00:00,1901
2022-06-26 04:30:00,2038
2022-06-26 05:00:00,2497
2022-06-26 05:30:00,2717
2022-06-26 06:00:00,3256
2022-06-26 06:30:00,2957
2022-06-26 07:00:00,2738
2022-06-26 07:30:00,3508
2022-06-26 08:00:00,4698
2022-06-26 08:30:00,6346
2022-06-26 09:00:00,6040
2022-06-26 09:30:00,7689
2022-06-26 10:00:00,7712
2022-06-26 10:30:00,10370
2022-06-26 11:00:00,10146
2022-06-26 11:30:00,10490
2022-06-26 12:00:00,9137
2022-06-26 12:30:00,10348
2022-06-26 13:00:00,10644
2022-06-26 13:30:00,12345
2022-06-26 14:00:00,10987
2022-06-26 14:30:00,12754
2022-06-26 15:00:00,13129
2022-06-26 15:30:00,13744
2022-06-26 16:00:00,12726
2022-06-26 16:30:00,12791
2022-06-26 17:00:00,11602
2022-06-26 17:30:00,12337
2022-06-26 18:00:00,11981
2022-06-26 18:30:00,12299
2022-06-26 19:00:00,10344
2022-06-26 19:30:00,12354
2022-06-26 20:00:00,11276
2022-06-26 20:30:00,11284
2022-06-26 21:00:00,10026
2022-06-26 21:30:00,9365
2022-06-26 22:00:00,7692
2022-06-26 22:30:00,7041
2022-06-26 23:00:00,5365
2022-06-26 23:30:00,4233
2022-06-27 00:00:00,2843
2022-06-27 00:30:00,1906
2022-06-27 01:00:00,2173
2022-06-27 01:30:00,1666
2022-06-27 02:00:00,1280
2022-06-27 02:30:00,749
2022-06-27 03:00:00,758
2022-06-27 03:30:00,983
2022-06-27 04:00:00,644
2022-06-27 04:30:00,850
2022-06-27 05:00:00,903
2022-06-27 05:30:00,1005
2022-06-27 06:00:00,1192
2022-06-27 06:30:00,1869
2022-06-27 07:00:00,1585
2022-06-27 07:30:00,3461
2022-06-27 08:00:00,5799
2022-06-27 08:30:00,7071
2022-06-27 09:00:00,4481
2022-06-27 09:30:00,4681
2022-06-27 10:00:00,3838
2022-06-27 10:30:00,6118
2022-06-27 11:00:00,5681
2022-06-27 11:30:00,7723
2022-06-27 12:00:00,8073
2022-06-27 12:30:00,9411
2022-06-27 13:00:00,6853
2022-06-27 13:30:00,9204
2022-06-27 14:00:00,7816
2022-06-27 14:30:00,8401
2022-06-27 15:00:00,9249
2022-06-27 15:30:00,10785
2022-06-27 16:00:00,11945
2022-06-27 16:30:00,15229
2022-06-27 17:00:00,13493
2022-06-27 17:30:00,16021
2022-06-27 18:00:00,15381
2022-06-27 18:30:00,15065
2022-06-27 19:00:00,13526
2022-06-27 19:30:00,11981
2022-06-27 20:00:00,12587
2022-06-27 20:30:00,11937
2022-06-27 21:00:00,10969
2022-06-27 21:30:00,11016
2022-06-27 22:00:00,6753
2022-06-27 22:30:00,9748
2022-06-27 23:00:00,7836
2022-06-27 23:30:00,7117
2022-06-28 00:00:00,3967
2022-06-28 00:30:00,3088
2022-06-28 01:00:00,2416
2022-06-28 01:30:00,3271
2022-06-28 02:00:00,2088
2022-06-28 02:30:00,1649
2022-06-28 03:00:00,1283
2022-06-28 03:30:00,2114
2022-06-28 04:00:00,58
2022-06-28 04:30:00,0
2022-06-28 05:00:00,0
2022-06-28 05:30:00,0
2022-06-28 06:00:00,0
2022-06-28 06:30:00,0
2022-06-28 07:00:00,0
2022-06-28 07:30:00,0
2022-06-28 08:00:00,0
2022-06-28 08:30:00,0
2022-06-28 09:00:00,0
2022-06-28 09:30:00,0
2022-06-28 10:00:00,0
2022-06-28 10:30:00,0
2022-06-28 11:00:00,0
2022-06-28 11:30:00,0
2022-06-28 12:00:00,0
2022-06-28 12:30:00,0
2022-06-28 13:00:00,0
2022-06-28 13:30:00,0
2022-06-28 14:00:00,0
2022-06-28 14:30:00,0
2022-06-28 15:00:00,0
2022-06-28 15:30:00,0
2022-06-28 16:00:00,0
2022-06-28 16:30:00,0
2022-06-28 17:00:00,0
2022-06-28 17:30:00,0
2022-06-28 18:00:00,0
2022-06-28 18:30:00,0
2022-06-28 19:00:00,0
2022-06-28 19:30:00,0
2022-06-28 20:00:00,0
2022-06-28 20:30:00,0
2022-06-28 21:00:00,0
2022-06-28 21:30:00,0
2022-06-28 22:00:00,0
2022-06-28 22:30:00,0
2022-06-28 23:00:00,0
2022-06-28 23:30:00,0
2022-06-29 00:00:00,0
2022-06-29 00:30:00,0
2022-06-29 01:00:00,0
2022-06-29 01:30:00,0
2022-06-29 02:00:00,0
2022-06-29 02:30:00,0
2022-06-29 03:00:00,962
2022-06-29 03:30:00,2198
2022-06-29 04:00:00,1732
2022-06-29 04:30:00,1714
2022-06-29 05:00:00,1608
2022-06-29 05:30:00,1869
2022-06-29 06:00:00,2393
2022-06-29 06:30:00,2572
2022-06-29 07:00:00,2991
2022-06-29 07:30:00,5069
2022-06-29 08:00:00,5472
2022-06-29 08:30:00,7050
2022-06-29 09:00:00,5046
2022-06-29 09:30:00,5964
2022-06-29 10:00:00,4481
2022-06-29 10:30:00,5896
2022-06-29 11:00:00,8842
2022-06-29 11:30:00,8860
2022-06-29 12:00:00,8220
2022-06-29 12:30:00,11006
2022-06-29 13:00:00,10959
2022-06-29 13:30:00,13367
2022-06-29 14:00:00,8221
2022-06-29 14:30:00,11456
2022-06-29 15:00:00,13586
2022-06-29 15:30:00,14207
2022-06-29 16:00:00,14132
2022-06-29 16:30:00,14787
2022-06-29 17:00:00,13138
2022-06-29 17:30:00,16345
2022-06-29 18:00:00,16721
2022-06-29 18:30:00,18455
2022-06-29 19:00:00,16218
2022-06-29 19:30:00,14912
2022-06-29 20:00:00,14867
2022-06-29 20:30:00,15256
2022-06-29 21:00:00,13122
2022-06-29 21:30:00,11762
2022-06-29 22:00:00,6430
2022-06-29 22:30:00,7882
2022-06-29 23:00:00,8838
2022-06-29 23:30:00,7264
2022-06-30 00:00:00,4028
2022-06-30 00:30:00,3806
2022-06-30 01:00:00,3186
2022-06-30 01:30:00,2307
2022-06-30 02:00:00,1677
2022-06-30 02:30:00,2220
2022-06-30 03:00:00,1031
2022-06-30 03:30:00,1804
2022-06-30 04:00:00,1628
2022-06-30 04:30:00,1888
2022-06-30 05:00:00,1850
2022-06-30 05:30:00,1803
2022-06-30 06:00:00,1724
2022-06-30 06:30:00,2692
2022-06-30 07:00:00,3129
2022-06-30 07:30:00,4179
2022-06-30 08:00:00,6139
2022-06-30 08:30:00,7859
2022-06-30 09:00:00,6330
2022-06-30 09:30:00,8218
2022-06-30 10:00:00,6615
2022-06-30 10:30:00,8234
2022-06-30 11:00:00,7429
2022-06-30 11:30:00,8183
2022-06-30 12:00:00,7757
2022-06-30 12:30:00,12135
2022-06-30 13:00:00,12974
2022-06-30 13:30:00,10797
2022-06-30 14:00:00,5323
2022-06-30 14:30:00,11245
2022-06-30 15:00:00,12572
2022-06-30 15:30:00,14193
2022-06-30 16:00:00,11975
2022-06-30 16:30:00,14620
2022-06-30 17:00:00,16158
2022-06-30 17:30:00,15979
2022-06-30 18:00:00,16552
2022-06-30 18:30:00,16994
2022-06-30 19:00:00,16515
2022-06-30 19:30:00,16413
2022-06-30 20:00:00,14551
2022-06-30 20:30:00,14618
2022-06-30 21:00:00,13410
2022-06-30 21:30:00,11620
2022-06-30 22:00:00,10765
2022-06-30 22:30:00,9838
2022-06-30 23:00:00,8283
2022-06-30 23:30:00,4452
2022-07-01 00:00:00,2421
2022-07-01 00:30:00,1036
2022-07-01 01:00:00,953
2022-07-01 01:30:00,1663
2022-07-01 02:00:00,1873
2022-07-01 02:30:00,423
2022-07-01 03:00:00,1531
